# Number of clusters, 6
# Cluster Index, Fraction out of total pixels
0,0.24179303449425096
1,0.2057990334944176
2,0.15847358773537742
3,0.1576403932677887
4,0.12297950341609731
5,0.11331444759206799
