# Number of clusters, 6
# Cluster Index, Fraction out of total pixels
0,0.3072821196467255
1,0.20413264455924013
2,0.16863856023996002
3,0.1154807532077987
4,0.10748208631894685
5,0.09698383602732878
